CASE_ID,ACCIDENT_YEAR,PROC_DATE,JURIS,COLLISION_DATE,COLLISION_TIME,OFFICER_ID,REPORTING_DISTRICT,DAY_OF_WEEK,CHP_SHIFT,POPULATION,CNTY_CITY_LOC,SPECIAL_COND,BEAT_TYPE,CHP_BEAT_TYPE,CITY_DIVISION_LAPD,CHP_BEAT_CLASS,BEAT_NUMBER,PRIMARY_RD,SECONDARY_RD,DISTANCE,DIRECTION,INTERSECTION,WEATHER_1,WEATHER_2,STATE_HWY_IND,CALTRANS_COUNTY,CALTRANS_DISTRICT,STATE_ROUTE,ROUTE_SUFFIX,POSTMILE_PREFIX,POSTMILE,LOCATION_TYPE,RAMP_INTERSECTION,SIDE_OF_HWY,TOW_AWAY,COLLISION_SEVERITY,NUMBER_KILLED,NUMBER_INJURED,PARTY_COUNT,PRIMARY_COLL_FACTOR,PCF_CODE_OF_VIOL,PCF_VIOL_CATEGORY,PCF_VIOLATION,PCF_VIOL_SUBSECTION,HIT_AND_RUN,TYPE_OF_COLLISION,MVIW,PED_ACTION,ROAD_SURFACE,ROAD_COND_1,ROAD_COND_2,LIGHTING,CONTROL_DEVICE,CHP_ROAD_TYPE,PEDESTRIAN_ACCIDENT,BICYCLE_ACCIDENT,MOTORCYCLE_ACCIDENT,TRUCK_ACCIDENT,NOT_PRIVATE_PROPERTY,ALCOHOL_INVOLVED,STWD_VEHTYPE_AT_FAULT,CHP_VEHTYPE_AT_FAULT,COUNT_SEVERE_INJ,COUNT_VISIBLE_INJ,COUNT_COMPLAINT_PAIN,COUNT_PED_KILLED,COUNT_PED_INJURED,COUNT_BICYCLIST_KILLED,COUNT_BICYCLIST_INJURED,COUNT_MC_KILLED,COUNT_MC_INJURED,PRIMARY_RAMP,SECONDARY_RAMP,LATITUDE,LONGITUDE,COUNTY,CITY,POINT_X,POINT_Y
91452356,2021,2021-04-16,9285,2021-04-11,1244,013174,,7,1,9,5100,0,1,3,,1,051,SR-99,"OSWALD ROAD",0.00,,N,A,-,Y,,,99,,,,,,,N,4,0,1,2,A,-,08,22107,,N,B,C,A,A,H,-,A,D,0,,,Y,,Y,,C,02,0,0,1,0,0,0,0,0,1,"- ","- ",39.066909790039062,-121.63333892822266,SUTTER,UNINCORPORATED,-121.63340759277344,39.066909790039062
91558642,2021,2021-08-30,9285,2021-08-22,1430,019085,,7,2,9,5100,0,1,3,,2,031,SR-113,"SUBACCO RD",450.00,N,N,A,-,Y,,,113,,,,,,,Y,3,0,2,2,A,-,06,21750,A,N,C,C,A,A,H,-,A,D,0,,,,,Y,,A,01,0,2,0,0,0,0,0,0,0,"- ","- ",38.924530029296875,-121.68728637695312,SUTTER,UNINCORPORATED,-121.68727111816406,38.924522399902344
9377212,2021,2021-12-31,5102,2021-11-26,1910,4117,4,5,5,4,5102,0,0,0,,0,004,"GRAY AV","BRIDGE ST",46.00,N,N,A,-,N,,,,,,,,,,N,4,0,1,2,A,-,03,22350,,M,C,C,A,A,H,-,C,A,0,,,,,Y,Y,A,01,0,0,1,0,0,0,0,0,0,"- ","- ",,,SUTTER,"YUBA CITY",-121.62991333007812,39.132415771484375
91384216,2021,2021-01-08,9285,2021-01-05,1600,014480,,2,2,9,5100,0,3,5,,1,001,"HOWSLEY RD","NATOMAS RD",528.00,W,N,A,-,N,,,,,,,,,,Y,4,0,1,1,A,-,01,23152,A,N,F,A,A,A,H,-,A,D,0,,,,,Y,,D,22,0,0,1,0,0,0,0,0,0,"- ","- ",38.823490142822266,-121.52967834472656,SUTTER,UNINCORPORATED,-121.52886199951172,38.823394775390625
91481997,2021,2021-05-27,9285,2021-05-03,2105,016343,,1,2,9,5100,0,3,5,,1,007,"CLARK RD",SR-99,82.00,W,N,A,-,N,,,,,,,,,,Y,1,1,0,2,A,-,01,23152,A,N,H,F,A,A,H,-,D,A,0,,,,,Y,Y,A,01,0,0,0,0,0,0,0,0,0,"- ","- ",39.233108520507812,-121.64634704589844,SUTTER,UNINCORPORATED,-121.64628601074219,39.233116149902344
91534777,2021,2021-08-02,9285,2021-07-21,2150,021920,,3,2,9,5100,0,1,3,,1,051,"8500 GARDEN HIGHWAY","TUDOR RD",5.00,S,N,A,-,N,,,,,,,,,,N,4,0,1,1,A,-,01,23152,A,N,E,I,A,A,H,-,C,A,0,,,,,Y,Y,A,01,0,0,1,0,0,0,0,0,0,"- ","- ",39.003719329833984,-121.60920715332031,SUTTER,UNINCORPORATED,-121.61004638671875,39.003684997558594
9217160,2021,2021-03-15,5102,2021-01-02,1221,4102,1,6,5,4,5102,0,0,0,,0,5102,"BUTTE HOUSE RD","HOOPER RD",670.00,W,N,A,-,N,,,,,,,,,,Y,3,0,1,1,A,-,08,22107,,N,E,I,A,B,H,-,A,D,0,,,,,Y,,A,01,0,1,0,0,0,0,0,0,0,"- ","- ",,,SUTTER,"YUBA CITY",-121.66934204101562,39.155147552490234
9389163,2021,2022-01-24,5102,2021-12-28,1752,4105,5,2,5,4,5102,0,0,0,,0,005,"GARDEN HWY","PERCY AV",0.00,,Y,B,-,N,,,,,,,,,,Y,3,0,1,2,A,-,12,21453,A,N,D,C,A,A,H,-,C,A,0,,,,,Y,,A,01,0,1,0,0,0,0,0,0,0,"- ","- ",,,SUTTER,"YUBA CITY",-121.61268615722656,39.122100830078125
9296137,2021,2021-08-16,5102,2021-06-30,2010,4109,2,3,5,4,5102,0,0,0,,0,002,"CIVIC CENTER BL","RT 20",0.00,,Y,A,-,Y,SUT,3,20,-,R,15.354,I,5,E,Y,3,0,1,2,A,-,06,21755,,N,B,C,A,A,A,-,B,A,0,,,,Y,Y,,A,01,0,1,0,0,0,0,0,0,0,"- ","- ",,,SUTTER,"YUBA CITY",-121.63919830322266,39.141761779785156
9375307,2021,2021-12-15,5102,2021-10-30,2258,4133,5,6,5,4,5102,0,0,0,,0,005,"SHANGHAI BEND RD","GARDEN HIGHWAY",86.00,E,N,A,-,N,,,,,,,,,,Y,3,0,1,1,A,-,01,23152,A,M,E,I,A,A,H,-,C,A,0,,,,,Y,Y,D,22,0,1,0,0,0,0,0,0,0,"- ","- ",,,SUTTER,"YUBA CITY",-121.6114501953125,39.095203399658203
91552784,2021,2021-08-24,9285,2021-08-23,1250,014878,,1,1,9,5100,0,3,5,,1,007,"ACACIA AVENUE","GRIFFITH LN",0.00,,Y,A,-,N,,,,,,,,,,Y,4,0,1,3,A,-,09,21801,A,N,D,C,A,A,H,-,A,A,0,,,,,Y,,A,07,0,0,1,0,0,0,0,0,0,"- ","- ",39.164089202880859,-121.75361633300781,SUTTER,UNINCORPORATED,-121.75360107421875,39.164138793945312
9301175,2021,2021-08-13,5102,2021-07-15,1236,4080,3,4,5,4,5102,0,0,0,,0,003,"RT 20","STAFFORD WY",0.00,,Y,A,-,Y,SUT,3,20,-,-,15.940,I,5,W,Y,3,0,1,2,A,-,09,21801,A,N,D,C,A,A,H,-,A,D,0,,,,,Y,,A,07,0,1,0,0,0,0,0,0,0,"- ","- ",,,SUTTER,"YUBA CITY",-121.62789916992188,39.141765594482422
9355693,2021,2021-10-26,5102,2021-09-26,1442,4119,5,7,5,4,5102,0,0,0,,0,005,"ANDREW DR","RAILROAD AV",0.00,,Y,A,-,N,,,,,,,,,,N,4,0,1,2,A,-,09,21802,B,N,A,C,A,A,H,-,A,D,0,,,,,Y,,A,01,0,0,1,0,0,0,0,0,0,"- ","- ",,,SUTTER,"YUBA CITY",-121.62259674072266,39.113803863525391
91417260,2021,2021-02-26,9285,2021-02-21,1809,018636,,7,2,9,5100,0,1,3,,1,051,SR-99,"LINCOLN ROAD",279.00,N,N,A,-,Y,,,99,,,,,,,Y,4,0,1,3,A,-,03,22350,,N,C,C,A,A,H,-,D,D,0,,,,,Y,,A,01,0,0,1,0,0,0,0,0,0,"- ","- ",39.113578796386719,-121.63475036621094,SUTTER,UNINCORPORATED,-121.634765625,39.113578796386719
91464681,2021,2021-05-27,9285,2021-04-26,1638,018986,,1,2,9,5100,0,1,3,,1,051,SR-99,"RICHLAND ROAD",700.00,S,N,A,-,N,,,99,,,,,,,Y,3,0,9,4,A,-,03,22350,,N,C,C,A,A,H,-,A,A,0,,,,,Y,Y,D,22,0,1,8,0,0,0,0,0,0,"- ","- ",39.116230010986328,-121.63462829589844,SUTTER,UNINCORPORATED,-121.63461303710938,39.116230010986328
9299963,2021,2021-09-01,5102,2021-07-15,0908,4105,2,4,5,4,5102,0,0,0,,0,002,"RT 20","STABLER LN",0.00,,N,A,-,Y,SUT,3,20,-,R,15.110,H,-,W,N,3,0,1,2,A,-,03,22350,,M,C,C,A,A,H,-,A,A,0,,,,,Y,,A,01,0,1,0,0,0,0,0,0,0,"- ","- ",,,SUTTER,"YUBA CITY",-121.64374542236328,39.141796112060547
9405491,2021,2022-02-09,5102,2021-12-31,1938,4134,3,5,5,4,5102,0,0,0,,0,003,"BUTTE HOUSE RD","E ONSTOTT FRONTAGE RD",0.00,,Y,A,-,N,,,,,,,,,,Y,3,0,2,2,A,-,01,23152,F,N,D,C,A,A,H,-,C,D,0,,,Y,,Y,,C,06,0,1,1,0,0,0,0,0,1,"- ","- ",,,SUTTER,"YUBA CITY",-121.63468170166016,39.14544677734375
9276458,2021,2021-09-28,5102,2021-08-10,1422,4105,3,2,5,4,5102,0,0,0,,0,003,"RT 20","RT 99",108.00,E,N,A,-,Y,SUT,3,20,-,-,15.580,H,-,W,Y,3,0,1,3,A,-,03,22350,,N,C,C,A,A,H,-,A,A,0,,,,,Y,,A,07,0,1,0,0,0,0,0,0,0,"- ","- ",,,SUTTER,"YUBA CITY",-121.63456726074219,39.141914367675781
91608996,2021,2021-10-28,9285,2021-10-16,1753,019223,,6,2,9,5100,0,1,3,,1,011,SR-99,"POWERLINE RD",0.00,,Y,A,-,Y,,,99,,,,,,,Y,4,0,2,2,A,-,09,21800,A,N,D,C,A,A,H,-,A,A,0,,,,,Y,,A,01,0,0,2,0,0,0,0,0,0,"- ","- ",38.885311126708984,-121.57038879394531,SUTTER,UNINCORPORATED,-121.57028198242188,38.885410308837891
9252878,2021,2021-04-28,5102,2021-03-22,1141,4073,1,1,5,4,5102,0,0,0,,0,001,"N WALTON AV","LASSEN BL",0.00,,Y,A,B,N,,,,,,,,,,Y,4,0,1,2,A,-,09,21801,A,N,D,C,A,A,H,-,A,D,0,,,,,Y,,A,01,0,0,1,0,0,0,0,0,0,"- ","- ",,,SUTTER,"YUBA CITY",-121.64391326904297,39.137966156005859
9320241,2021,2022-01-11,5102,2021-11-08,1722,4105,1,1,5,4,5102,0,0,0,,0,001,"BUTTE HOUSE RD","ORO GRANDE ST",71.00,E,N,B,-,N,,,,,,,,,,Y,1,1,0,2,A,-,03,22350,,N,A,C,A,A,H,-,C,D,0,,,Y,,Y,Y,C,02,0,0,0,0,0,0,0,1,0,"- ","- ",,,SUTTER,"YUBA CITY",-121.65812683105469,39.152046203613281
9326508,2021,2021-10-21,5102,2021-09-08,0913,4073,5,3,5,4,5102,0,0,0,,0,005,"GARDEN HWY","SHANGHAI BEND RD",25.00,S,N,A,-,N,,,,,,,,,,N,4,0,1,2,A,-,03,22350,,N,C,C,A,A,H,-,A,D,0,,,,,Y,,D,22,0,0,1,0,0,0,0,0,0,"- ","- ",,,SUTTER,"YUBA CITY",-121.61164855957031,39.095016479492188
91411959,2021,2021-02-19,9285,2021-02-16,1331,014401,,2,1,9,5100,0,3,5,,1,005,"LINCOLN RD","SOUTH BARRETT RD",47.00,W,N,A,-,N,,,,,,,,,,N,4,0,1,2,A,-,03,22350,,N,C,C,A,A,H,-,A,D,0,,,,,Y,,A,01,0,0,1,0,0,0,0,0,0,"- ","- ",39.112739562988281,-121.63284301757812,SUTTER,UNINCORPORATED,-121.63275909423828,39.112743377685547
9221875,2021,2021-03-10,5102,2021-01-21,1744,4126,2,4,5,4,5102,0,0,0,,0,002,"RT 99","WOODWARD ST",259.00,S,N,A,-,Y,SUT,3,99,-,-,30.500,H,-,S,N,2,0,1,3,A,-,03,22350,,N,C,C,A,A,H,-,C,D,0,,,,,Y,,A,01,1,0,0,0,0,0,0,0,0,"- ","- ",,,SUTTER,"YUBA CITY",-121.63466644287109,39.1400146484375
9291722,2021,2021-09-13,5102,2021-07-05,1506,4128,5,1,5,4,5102,0,0,0,,0,005,"GARDEN HWY","PERCY AV",5.00,N,N,A,-,N,,,,,,,,,,N,4,0,1,2,A,-,10,21950,A,N,A,B,B,A,H,-,A,A,0,Y,,,,Y,,A,01,0,0,1,0,1,0,0,0,0,"- ","- ",,,SUTTER,"YUBA CITY",-121.61267852783203,39.122108459472656
9319615,2021,2021-09-30,5102,2021-08-14,2129,4126,3,6,5,4,5102,0,0,0,,0,003,"LIVE OAK BL","LOREL WY",12.00,N,N,A,-,N,,,,,,,,,,Y,2,0,2,1,A,-,01,23152,A,N,E,I,A,A,H,-,A,D,0,,,,,Y,Y,A,01,1,1,0,0,0,0,0,0,0,"- ","- ",,,SUTTER,"YUBA CITY",-121.62015533447266,39.155124664306641
9348395,2021,2021-11-09,5102,2021-10-11,0740,4073,3,1,5,4,5102,0,0,0,,0,003,"NORTHGATE DR","HUNT ST",159.00,W,N,A,-,N,,,,,,,,,,Y,3,0,1,2,A,-,09,21801,A,N,D,C,A,A,H,-,A,D,0,,,,,Y,,A,01,0,1,0,0,0,0,0,0,0,"- ","- ",,,SUTTER,"YUBA CITY",-121.62744140625,39.159450531005859
9367149,2021,2021-11-24,5102,2021-10-26,2010,132,3,2,5,4,5102,0,0,0,,0,003,"RT 20","ORANGE ST",22.00,W,N,A,-,Y,SUT,3,20,-,-,16.220,H,-,W,N,4,0,1,2,A,-,09,21800,A,N,D,C,A,A,H,-,C,D,0,,,,,Y,,A,07,0,0,1,0,0,0,0,0,0,"- ","- ",,,SUTTER,"YUBA CITY",-121.62276458740234,39.141586303710938
91431099,2021,2021-03-19,9285,2021-03-15,1935,018475,,1,2,9,5100,0,1,3,,1,051,"SR-99 N/B","LINCOLN RD",300.00,S,N,A,-,Y,,,99,,,,,,N,Y,3,0,1,3,A,-,03,22350,,N,C,C,A,A,H,-,C,A,0,,,,,Y,,A,01,0,1,0,0,0,0,0,0,0,"- ","- ",39.112258911132812,-121.63455200195312,SUTTER,UNINCORPORATED,-121.63461303710938,39.112258911132812
91453141,2021,2021-05-21,9285,2021-04-13,2040,018475,,2,2,9,5100,0,1,3,,1,051,SR-99,"LINCOLN RD",0.00,,Y,A,-,Y,,,99,,,,,,,Y,4,0,2,2,A,-,12,21453,A,N,B,C,A,A,H,-,C,A,0,,,,,Y,,A,01,0,0,2,0,0,0,0,0,0,"- ","- ",39.112728118896484,-121.63459014892578,SUTTER,UNINCORPORATED,-121.63462066650391,39.112728118896484
91474786,2021,2021-05-27,9285,2021-05-10,1515,016343,,1,2,9,5100,0,3,5,,1,007,"PEASE RD","TOWNSHIP RD",2640.00,E,N,A,-,N,,,,,,,,,,Y,2,0,2,2,A,-,08,22107,,N,D,C,A,A,H,-,A,D,0,,,,,Y,,A,01,1,1,0,0,0,0,0,0,0,"- ","- ",39.170558929443359,-121.67910003662109,SUTTER,UNINCORPORATED,-121.67933654785156,39.170574188232422
91604894,2021,2021-10-25,9285,2021-10-17,1045,016052,,7,1,9,5100,0,1,3,,1,011,"POWERLINE ROAD","STRIPLIN RD",576.00,S,N,A,-,N,,,,,,,,,,Y,4,0,1,1,A,-,08,22107,,N,F,A,A,A,H,-,A,D,0,,,,,Y,,A,01,0,0,1,0,0,0,0,0,0,"- ","- ",38.864490509033203,-121.57154846191406,SUTTER,UNINCORPORATED,-121.57150268554688,38.864540100097656
9240110,2021,2021-04-23,5102,2021-03-21,1713,4128,4,7,5,4,5102,0,0,0,,0,004,"RT 20","SHASTA ST",42.00,E,N,A,-,Y,SUT,3,20,-,-,17.040,H,-,E,Y,3,0,1,3,A,-,03,22350,,N,C,C,A,A,H,-,A,D,0,,,,,Y,,A,07,0,1,0,0,0,0,0,0,0,"- ","- ",,,SUTTER,"YUBA CITY",-121.60838317871094,39.143424987792969
9240122,2021,2021-04-23,5102,2021-03-22,1533,4073,2,1,5,4,5102,0,0,0,,0,002,"RT 20","RT 99",590.00,W,N,A,-,Y,SUT,3,20,-,R,15.490,H,-,W,Y,4,0,1,2,A,-,09,21801,A,N,D,C,A,A,H,-,A,D,0,,,Y,,Y,,A,07,0,0,1,0,0,0,0,0,1,"- ","- ",,,SUTTER,"YUBA CITY",-121.63670349121094,39.141849517822266
9231100,2021,2021-03-30,5102,2021-02-03,1350,4073,4,3,5,4,5102,0,0,0,,0,004,"FRANKLIN AV","N PALORA AV",0.00,,Y,A,-,N,,,,,,,,,,N,4,0,1,2,A,-,09,21802,A,N,D,C,A,A,H,-,A,A,0,,,,,Y,,D,22,0,0,1,0,0,0,0,0,0,"- ","- ",,,SUTTER,"YUBA CITY",-121.63336181640625,39.127300262451172
9326610,2021,2021-10-12,5102,2021-07-23,2032,4061,2,5,5,4,5102,0,0,0,,0,002,"SUNSWEET BL","ANNETTE WY",450.00,W,N,A,-,N,,,,,,,,,,Y,3,0,1,1,A,-,01,23152,B,N,E,I,A,A,H,-,A,D,0,,,,,Y,Y,A,07,0,1,0,0,0,0,0,0,0,"- ","- ",39.136329650878906,-121.63568115234375,SUTTER,"YUBA CITY",-121.63943481445312,39.135387420654297
9359659,2021,2021-11-16,5100,2021-10-21,1629,2540,LOCA2,4,5,2,5101,0,0,0,,0,02B,"RT 99","IVY ST",0.00,,Y,A,-,Y,SUT,3,99,-,-,40.332,I,5,N,N,4,0,1,2,A,-,09,21802,A,N,D,C,A,A,D,-,A,A,0,,,,,Y,,A,07,0,0,1,0,0,0,0,0,0,"- ","- ",,,SUTTER,"LIVE OAK",-121.66130065917969,39.277099609375
9320556,2021,2023-06-17,5102,2021-11-21,2145,4073,3,7,5,4,5102,0,0,0,,0,003,"LIVE OAK BL","NORTHGATE DR",771.00,N,N,A,-,N,,,,,,,,,,Y,1,1,1,1,A,-,01,23152,G,N,E,I,A,A,H,-,C,D,0,,,,,Y,Y,A,01,0,1,0,0,0,0,0,0,0,"- ","- ",,,SUTTER,"YUBA CITY",-121.62296295166016,39.161407470703125
91444306,2021,2021-04-06,9285,2021-04-01,1555,016343,,4,2,9,5100,0,3,5,,1,005,"RICHLAND RD","LITTLEJOHN RD",300.00,E,N,A,-,N,,,,,,,,,,Y,4,0,1,1,A,-,08,22107,,N,E,I,A,A,H,-,A,D,0,,,,,Y,,A,01,0,0,1,0,0,0,0,0,0,"- ","- ",39.118179321289062,-121.63913726806641,SUTTER,UNINCORPORATED,-121.63922119140625,39.118209838867188
9315617,2021,2021-09-08,5102,2021-07-31,1602,4120,2,6,5,4,5102,0,0,0,,0,002,"SOUTH WALTON AV","FRANKLIN RD",0.00,,Y,A,-,N,,,,,,,,,,N,3,0,1,2,A,-,01,23153,A,N,D,C,A,A,H,-,A,A,0,,,,,Y,Y,A,01,0,1,0,0,0,0,0,0,0,"- ","- ",,,SUTTER,"YUBA CITY",-121.64389038085938,39.127300262451172
91387520,2021,2021-01-14,9285,2021-01-04,0900,015976,,1,1,9,5100,0,2,4,,1,052,"GARDEN HWY","BARRY RD",1584.00,S,N,B,C,N,,,,,,,,,,N,4,0,1,1,A,-,08,22107,,N,E,I,A,B,H,-,A,D,0,,,,,Y,,D,22,0,0,1,0,0,0,0,0,0,"- ","- ",39.070060729980469,-121.60858154296875,SUTTER,UNINCORPORATED,-121.60718536376953,39.072734832763672
91394636,2021,2021-01-26,9285,2021-01-22,1915,019085,,5,2,9,5100,0,3,5,,1,001,"W. CATLETT RD",SR-99,7920.00,W,N,B,-,N,,,,,,,,,,Y,3,0,1,1,A,-,08,22107,,N,F,A,A,A,H,-,D,D,0,,,,,Y,,A,01,0,1,0,0,0,0,0,0,0,"- ","- ",38.837078094482422,-121.57308959960938,SUTTER,UNINCORPORATED,-121.57170104980469,38.837093353271484
91402453,2021,2021-02-04,9285,2021-01-31,1150,018475,,7,1,9,5100,0,3,5,,1,007,"TIERRA BUENA RD","TRUE RD",528.00,S,N,A,-,N,,,,,,,,,,N,2,0,1,2,A,-,05,21650,,N,A,G,A,A,H,-,A,D,0,,Y,,,Y,,L,04,1,0,0,0,0,0,1,0,0,"- ","- ",39.159549713134766,-121.66230773925781,SUTTER,UNINCORPORATED,-121.66234588623047,39.160110473632812
91402680,2021,2021-02-04,9285,2021-01-31,0550,013174,,7,3,9,5100,0,1,3,,1,011,SR-99,"HOWSLEY RD",5200.00,S,N,B,-,Y,,,99,,,,,,,Y,4,0,1,2,A,-,03,22350,,N,C,C,A,A,H,-,D,D,0,,,,,Y,,A,01,0,0,1,0,0,0,0,0,0,"- ","- ",38.804969787597656,-121.54345703125,SUTTER,UNINCORPORATED,-121.54353332519531,38.804969787597656
91402731,2021,2021-02-04,9285,2021-02-03,2500,014878,,3,4,9,5100,0,3,5,,1,007,"UKNOWN RD.","UNKNOWN RD.",0.00,,N,F,-,N,,,,,,,,,,N,2,0,1,1,D,-,00,,,N,H,J,A,A,G,-,D,D,0,,,,,Y,,-,"- ",1,0,0,0,0,0,0,0,0,"- ","- ",,,SUTTER,UNINCORPORATED,,
91411875,2021,2021-02-19,9285,2021-02-15,2000,018475,,1,2,9,5100,0,1,3,,1,011,"SR-99 S/B","SANKEY RD",6864.00,N,N,A,-,Y,,,99,,,,,,S,Y,2,0,3,1,A,-,08,22107,,N,F,A,A,A,H,-,D,D,0,,,,,Y,,A,07,2,0,1,0,0,0,0,0,0,"- ","- ",38.7994384765625,-121.54386138916016,SUTTER,UNINCORPORATED,-121.54378509521484,38.7994384765625
91418025,2021,2021-03-01,9285,2021-02-20,1025,016052,,6,1,9,5100,0,1,3,,1,051,SR-99,"HUTCHINSON RD",1200.00,S,N,A,-,Y,,,99,,,,,,,Y,4,0,1,2,A,-,09,21804,A,N,C,C,A,A,H,-,A,D,0,,,,,Y,,D,22,0,0,1,0,0,0,0,0,0,"- ","- ",39.03662109375,-121.63466644287109,SUTTER,UNINCORPORATED,-121.63471984863281,39.03662109375
91425005,2021,2021-03-11,9285,2021-03-05,1500,016343,,5,2,9,5100,0,1,3,,1,072,SR-20,"HUMPHREY RD",3960.00,W,N,A,-,Y,,,20,,,,,,,Y,4,0,1,2,A,-,03,22350,,N,C,C,A,A,H,-,A,D,0,,,,,Y,,A,07,0,0,1,0,0,0,0,0,0,"- ","- ",39.142261505126953,-121.73988342285156,SUTTER,UNINCORPORATED,-121.73988342285156,39.142124176025391
91430450,2021,2021-03-18,9285,2021-03-13,1100,013174,,6,1,9,5100,0,1,3,,1,051,SR-99,"FRANKLIN RD",480.00,S,N,A,-,Y,,,99,,,,,,,Y,4,0,2,3,A,-,04,21703,,N,C,C,A,A,H,-,A,A,0,,,,,Y,,A,01,0,0,2,0,0,0,0,0,0,"- ","- ",39.125968933105469,-121.63440704345703,SUTTER,UNINCORPORATED,-121.63448333740234,39.125968933105469
91433441,2021,2021-03-23,9285,2021-03-20,1645,019085,,6,2,9,5100,0,1,3,,1,011,"SR-99 N/B","W RIEGO RD",1126.00,S,N,B,-,Y,,,99,,,,,,N,Y,2,0,2,1,A,-,08,22107,,N,F,A,A,A,H,-,A,D,0,,,Y,,Y,,C,02,2,0,0,0,0,0,0,0,2,"- ","- ",38.746891021728516,-121.5400390625,SUTTER,UNINCORPORATED,-121.54018402099609,38.746894836425781
91433449,2021,2021-03-23,9285,2021-03-17,0230,020070,,3,3,9,5100,0,1,3,,1,011,"SR-99 SOUTHBOUND","W RIEGO RD",500.00,N,N,A,-,Y,,,99,,,,,,S,Y,3,0,1,1,A,-,08,22107,,N,F,A,A,A,H,-,C,D,0,,,,,Y,,A,08,0,1,0,0,0,0,0,0,0,"- ","- ",38.752891540527344,-121.54158782958984,SUTTER,UNINCORPORATED,-121.54157257080078,38.752895355224609
91444532,2021,2021-04-06,9285,2021-04-03,1330,013174,,6,1,9,5100,0,1,3,,1,010,"SR-70 E/B","STRIPLIN RD",0.00,,Y,A,-,Y,,,70,,,,,,E,Y,3,0,2,2,A,-,12,22450,A,N,D,C,A,A,H,-,A,A,0,,,,,Y,,A,01,0,2,0,0,0,0,0,0,0,"- ","- ",38.866470336914062,-121.54376220703125,SUTTER,UNINCORPORATED,-121.54324340820312,38.866458892822266
91446896,2021,2021-04-09,9285,2021-03-28,1823,018636,,7,2,9,5100,0,3,5,,1,007,"MARTY ROAD","PASS ROAD",517.00,N,N,A,-,N,,,,,,,,,,N,4,0,1,2,A,-,01,23152,A,M,A,C,A,A,H,-,A,D,0,,,,,Y,Y,D,22,0,0,1,0,0,0,0,0,0,"- ","- ",39.193649291992188,-121.93559265136719,SUTTER,UNINCORPORATED,-121.93482971191406,39.1885986328125
91447283,2021,2021-04-20,9285,2021-04-07,1250,014878,,3,1,9,5100,0,1,3,,1,071,"SR-99 N/B","CLARK AVE",0.00,,Y,A,-,Y,,,99,,,,,,N,Y,2,0,3,2,A,-,12,22450,A,N,D,C,A,A,H,-,A,A,0,,,,,Y,,A,07,1,1,1,0,0,0,0,0,0,"- ","- ",39.233108520507812,-121.64604187011719,SUTTER,UNINCORPORATED,-121.64598846435547,39.233127593994141
91451474,2021,2021-04-15,9285,2021-04-09,0540,018291,,5,3,9,5100,0,2,4,,1,052,"GARDEN HWY","OSWALD RD.",2115.00,S,N,A,-,N,,,,,,,,,,Y,3,0,2,2,A,-,01,23152,F,M,A,C,A,A,H,-,C,D,0,,,,,Y,,D,22,0,1,1,0,0,0,0,0,0,"- ","- ",39.059719085693359,-121.61441802978516,SUTTER,UNINCORPORATED,-121.61443328857422,39.059814453125
91454511,2021,2021-04-20,9285,2021-04-13,2500,015976,,2,4,9,5100,0,3,5,,1,001,"POWERLINE RD.","W. RIEGO RD",2112.00,S,N,A,-,N,,,,,,,,,,Y,4,0,1,1,A,-,01,23152,G,N,F,J,A,A,H,-,A,D,0,,,,,Y,Y,A,07,0,0,1,0,0,0,0,0,0,"- ","- ",38.74639892578125,-121.57689666748047,SUTTER,UNINCORPORATED,-121.57682800292969,38.743839263916016