CASE_ID,ACCIDENT_YEAR,PROC_DATE,JURIS,COLLISION_DATE,COLLISION_TIME,OFFICER_ID,REPORTING_DISTRICT,DAY_OF_WEEK,CHP_SHIFT,POPULATION,CNTY_CITY_LOC,SPECIAL_COND,BEAT_TYPE,CHP_BEAT_TYPE,CITY_DIVISION_LAPD,CHP_BEAT_CLASS,BEAT_NUMBER,PRIMARY_RD,SECONDARY_RD,DISTANCE,DIRECTION,INTERSECTION,WEATHER_1,WEATHER_2,STATE_HWY_IND,CALTRANS_COUNTY,CALTRANS_DISTRICT,STATE_ROUTE,ROUTE_SUFFIX,POSTMILE_PREFIX,POSTMILE,LOCATION_TYPE,RAMP_INTERSECTION,SIDE_OF_HWY,TOW_AWAY,COLLISION_SEVERITY,NUMBER_KILLED,NUMBER_INJURED,PARTY_COUNT,PRIMARY_COLL_FACTOR,PCF_CODE_OF_VIOL,PCF_VIOL_CATEGORY,PCF_VIOLATION,PCF_VIOL_SUBSECTION,HIT_AND_RUN,TYPE_OF_COLLISION,MVIW,PED_ACTION,ROAD_SURFACE,ROAD_COND_1,ROAD_COND_2,LIGHTING,CONTROL_DEVICE,CHP_ROAD_TYPE,PEDESTRIAN_ACCIDENT,BICYCLE_ACCIDENT,MOTORCYCLE_ACCIDENT,TRUCK_ACCIDENT,NOT_PRIVATE_PROPERTY,ALCOHOL_INVOLVED,STWD_VEHTYPE_AT_FAULT,CHP_VEHTYPE_AT_FAULT,COUNT_SEVERE_INJ,COUNT_VISIBLE_INJ,COUNT_COMPLAINT_PAIN,COUNT_PED_KILLED,COUNT_PED_INJURED,COUNT_BICYCLIST_KILLED,COUNT_BICYCLIST_INJURED,COUNT_MC_KILLED,COUNT_MC_INJURED,PRIMARY_RAMP,SECONDARY_RAMP,LATITUDE,LONGITUDE,COUNTY,CITY,POINT_X,POINT_Y
91454560,2021,2021-04-20,9285,2021-04-18,2229,018636,,7,3,9,5100,0,3,5,,1,007,"SOUTH BUTTE RD","HUMPHREY RD",4224.00,W,N,A,-,N,,,,,,,,,,N,2,0,2,1,A,-,01,23152,A,N,F,A,A,A,H,-,D,D,0,,,Y,,Y,Y,C,06,1,1,0,0,0,0,0,0,2,"- ","- ",39.155200958251953,-121.73834991455078,SUTTER,UNINCORPORATED,-121.72599792480469,39.152210235595703
91457360,2021,2021-04-23,9285,2021-04-20,1754,018475,,2,2,9,5100,0,1,3,,1,011,"SR-99 N/B","GARDEN HWY",925.00,S,N,A,-,Y,,,99,,,,,,N,Y,4,0,1,2,A,-,08,22107,,N,D,C,A,A,H,-,A,D,0,,,,,Y,,D,22,0,0,1,0,0,0,0,0,0,"- ","- ",38.896961212158203,-121.58203125,SUTTER,UNINCORPORATED,-121.58213043212891,38.896854400634766
91460516,2021,2021-04-28,9285,2021-04-20,2359,014401,,2,3,9,5100,0,1,3,,1,072,SR-20,"WYNCOOP RD",1919.00,W,N,A,-,Y,,,20,,,,,,,Y,3,0,1,1,A,-,08,22107,,N,F,I,A,A,H,-,D,D,0,,,,,Y,,D,22,0,1,0,0,0,0,0,0,0,"- ","- ",39.148120880126953,-121.78885650634766,SUTTER,UNINCORPORATED,-121.78871154785156,39.148567199707031
91466328,2021,2021-05-27,9285,2021-04-26,1610,018475,,1,2,9,5100,0,1,3,,1,072,SR-20,"W.BUTTE RD",685.00,E,N,A,-,Y,,,20,,,,,,,Y,1,1,2,3,A,-,05,21650,,N,A,C,A,A,H,-,A,D,0,,,,,Y,Y,A,07,2,0,0,0,0,0,0,0,0,"- ","- ",39.148880004882812,-121.82347869873047,SUTTER,UNINCORPORATED,-121.823486328125,39.148895263671875
91468260,2021,2021-05-27,9285,2021-05-01,1510,020454,,6,2,9,5100,0,3,5,,1,001,"FIFIELD RD","NATOMAS RD",399.00,E,N,A,-,N,,,,,,,,,,Y,3,0,1,2,A,-,06,21751,,F,D,C,A,A,H,-,A,D,0,,,,,Y,,A,07,0,1,0,0,0,0,0,0,0,"- ","- ",38.809059143066406,-121.51705932617188,SUTTER,UNINCORPORATED,-121.51715087890625,38.80902099609375
91475860,2021,2021-05-27,9285,2021-05-03,1642,015976,,1,2,9,5100,0,3,5,,1,001,"RIEGO RD.","PACIFIC AVE.",405.00,W,N,A,-,N,,,,,,,,,,Y,2,0,1,1,A,-,01,23152,F,N,F,J,A,A,H,-,A,D,0,,,,,Y,,A,01,1,0,0,0,0,0,0,0,0,"- ","- ",38.750728607177734,-121.52536010742188,SUTTER,UNINCORPORATED,-121.526611328125,38.750614166259766
91475924,2021,2021-05-27,9285,2021-05-07,1905,016343,,5,2,9,5100,0,3,5,,1,007,"NEVADA ST",SR-99,110.00,W,N,A,-,N,,,,,,,,,,Y,3,0,1,1,A,-,01,23152,A,N,F,A,A,A,H,-,A,D,0,,,,,Y,Y,D,22,0,1,0,0,0,0,0,0,0,"- ","- ",39.291339874267578,-121.66751098632812,SUTTER,UNINCORPORATED,-121.66168975830078,39.281497955322266
91476442,2021,2021-05-27,9285,2021-05-17,1355,018475,,1,1,9,5100,0,3,5,,1,001,"PLEASANT GROVE RD","KEMPTON RD.",45.00,N,N,A,-,N,,,,,,,,,,Y,4,0,2,3,A,-,06,21751,,N,A,C,A,A,H,-,A,D,0,,,,,Y,,D,22,0,0,2,0,0,0,0,0,0,"- ","- ",38.954681396484375,-121.48763275146484,SUTTER,UNINCORPORATED,-121.48764038085938,38.954753875732422
91477139,2021,2021-05-27,9285,2021-05-12,1717,018561,,3,2,9,5100,0,1,3,,1,011,SR-99,"SACRAMENTO AVE",0.00,,Y,A,-,Y,,,99,,,,,,,Y,4,0,1,2,A,-,09,21802,A,N,D,C,A,A,H,-,A,A,0,,,,,Y,,A,08,0,0,1,0,0,0,0,0,0,"- ","- ",38.916519165039062,-121.60572052001953,SUTTER,UNINCORPORATED,-121.60584259033203,38.916450500488281
91482503,2021,2021-06-07,9285,2021-05-15,0423,019798,,6,3,9,5100,0,3,5,,1,001,"NICOLAUS AVENUE","SCHIEBER ROAD",65.00,W,N,G,-,N,,,,,,,,,,N,4,0,2,1,A,-,01,23152,A,N,E,I,A,A,H,-,D,D,0,,,,,Y,Y,A,07,0,0,2,0,0,0,0,0,0,"- ","- ",38.909698486328125,-121.57109832763672,SUTTER,UNINCORPORATED,-121.57096862792969,38.909675598144531
91488535,2021,2021-06-03,9285,2021-05-26,1930,018475,,3,2,9,5100,0,3,5,,1,001,"HOWLSEY RD","PLEASANT GROVE RD.",200.00,W,N,A,-,N,,,,,,,,,,Y,3,0,1,2,A,-,05,21650,,N,A,C,A,A,H,-,A,D,0,,,,,Y,,A,07,0,1,0,0,0,0,0,0,0,"- ","- ",38.824001312255859,-121.48918914794922,SUTTER,UNINCORPORATED,-121.48895263671875,38.823970794677734
91497713,2021,2021-06-15,9285,2021-06-07,0140,021920,,1,3,9,5100,0,1,3,,1,010,"GARDEN HIGHWAY","MESSICK RD",3274.00,S,N,A,-,N,,,,,,,,,,Y,3,0,4,1,A,-,08,22107,,N,E,I,A,A,H,-,C,D,0,,,,,Y,,B,01,0,1,3,0,0,0,0,0,0,"- ","- ",39.0423583984375,-121.61595916748047,SUTTER,UNINCORPORATED,-121.61602783203125,39.042491912841797
91500717,2021,2021-06-18,9285,2021-06-14,1700,018475,,1,2,9,5100,0,3,5,,1,007,"ACACIA AVENUE","WASHINGTON ST.",175.00,S,N,A,-,N,,,,,,,,,,Y,3,0,1,2,A,-,08,22107,,F,B,C,A,A,H,-,A,D,0,,,,,Y,,A,07,0,1,0,0,0,0,0,0,0,"- ","- ",39.161041259765625,-121.75375366210938,SUTTER,UNINCORPORATED,-121.75366973876953,39.161079406738281
91510820,2021,2021-07-01,9285,2021-06-28,0905,013174,,1,1,9,5100,0,1,3,,2,031,SR-113,"LEISURE ROAD",3100.00,N,N,A,-,Y,,,113,,,,,,,Y,4,0,1,1,C,-,18,,,N,E,J,A,A,H,-,A,D,0,,,,,Y,,-,"- ",0,0,1,0,0,0,0,0,0,"- ","- ",38.829490661621094,-121.71890258789062,SUTTER,UNINCORPORATED,-121.71894073486328,38.829479217529297
91514571,2021,2021-07-07,9285,2021-06-27,1445,020106,,7,2,9,5100,0,1,3,,1,010,SR-70,"BERRY ROAD",0.00,,N,A,-,Y,,,70,,,,,,,N,2,0,1,1,A,-,03,22350,,N,F,A,A,A,H,-,A,D,0,,,,,Y,,D,22,1,0,0,0,0,0,0,0,0,"- ","- ",38.963951110839844,-121.54338836669922,SUTTER,UNINCORPORATED,-121.54334259033203,38.963943481445312
91516085,2021,2021-07-08,9285,2021-07-02,1405,018475,,5,2,9,5100,0,1,3,,1,011,SR-99,"WILSON RD",50.00,S,N,A,-,Y,,,99,,,,,,,N,4,0,1,2,A,-,03,22350,,N,C,C,A,A,H,-,A,A,0,,,,,Y,,A,01,0,0,1,0,0,0,0,0,0,"- ","- ",38.975479125976562,-121.6104736328125,SUTTER,UNINCORPORATED,-121.61033630371094,38.975578308105469
91516142,2021,2021-07-08,9285,2021-07-02,0650,013174,,5,1,9,5100,0,3,5,,1,001,"RIEGO ROAD","NATOMAS ROAD",0.00,,Y,A,-,N,,,,,,,,,,Y,4,0,1,2,A,-,12,22450,A,N,C,C,A,A,H,-,A,A,0,,,,,Y,,A,01,0,0,1,0,0,0,0,0,0,"- ","- ",,,SUTTER,UNINCORPORATED,-121.49430847167969,38.751235961914062
91517075,2021,2021-07-09,9285,2021-07-02,2300,021920,,5,3,9,5100,0,1,3,,1,011,SR-99,"POWRLINE RD",10.00,S,N,A,-,Y,,,99,,,,,,,N,2,0,2,2,A,-,01,23152,A,N,A,D,A,A,H,-,C,D,0,,,,,Y,Y,A,01,2,0,0,0,0,0,0,0,0,"- ","- ",38.885261535644531,-121.57023620605469,SUTTER,UNINCORPORATED,-121.5701904296875,38.885307312011719
91521137,2021,2021-07-15,9285,2021-07-09,2101,018475,,5,2,9,5100,0,1,3,,1,072,SR-20,"FRONTAGE RD",150.00,E,N,A,-,Y,,,20,,,,,,,Y,2,0,1,1,A,-,01,23152,G,M,E,I,A,A,H,-,D,D,0,,,,,Y,Y,A,01,1,0,0,0,0,0,0,0,0,"- ","- ",39.141738891601562,-121.70469665527344,SUTTER,UNINCORPORATED,-121.70470428466797,39.141696929931641
91522195,2021,2021-07-16,9285,2021-07-09,2345,020454,,5,3,9,5100,0,1,3,,1,011,"SR-99 N/B","BOGUE RD",200.00,S,N,A,-,Y,,,99,,,,,,N,Y,4,0,1,2,A,-,07,21658,A,N,B,C,A,A,H,-,C,A,0,,,,,Y,,A,07,0,0,1,0,0,0,0,0,0,"- ","- ",39.097949981689453,-121.63436889648438,SUTTER,UNINCORPORATED,-121.63443756103516,39.097949981689453
91529674,2021,2021-07-27,9285,2021-07-22,1710,016343,,4,2,9,5100,0,1,3,,1,071,SR-99,"KENT AVENUE",380.00,N,N,A,-,Y,,,99,,,,,,,Y,3,0,2,5,A,-,03,22350,,N,C,C,A,A,H,-,A,D,0,,,,,Y,,A,01,0,2,0,0,0,0,0,0,0,"- ","- ",39.222759246826172,-121.64224243164062,SUTTER,UNINCORPORATED,-121.64224243164062,39.222759246826172
91536801,2021,2021-08-04,9285,2021-07-27,1630,018475,,2,2,9,5100,0,1,3,,1,011,"POWERLINE RD",SR-99,0.00,,Y,A,-,N,,,,,,,,,,Y,3,0,1,2,A,-,08,22107,,N,D,C,A,A,H,-,A,A,0,,,,,Y,,A,01,0,1,0,0,0,0,0,0,0,"- ","- ",38.885280609130859,-121.57038879394531,SUTTER,UNINCORPORATED,-121.57025146484375,38.885372161865234
91537516,2021,2021-08-05,9285,2021-07-31,1523,018475,,6,2,9,5100,0,3,5,,1,001,"BASELINE RD","LOCUST RD",970.00,W,N,A,-,N,,,,,,,,,,Y,3,0,3,2,A,-,05,21460,A,N,A,C,A,A,H,-,A,D,0,,,,,Y,,A,01,0,3,0,0,0,0,0,0,0,"- ","- ",38.751499176025391,-121.47321319580078,SUTTER,UNINCORPORATED,-121.47319030761719,38.751533508300781
91538001,2021,2021-08-05,9285,2021-08-02,1520,019085,,1,2,9,5100,0,3,5,,1,001,"PLEASANT GROVE RD","SANKEY RD",1742.00,S,N,B,-,N,,,,,,,,,,Y,3,0,1,3,A,-,08,22107,,N,D,C,A,A,H,-,A,D,0,,,,,Y,,E,22,0,1,0,0,0,0,0,0,0,"- ","- ",38.776050567626953,-121.48838043212891,SUTTER,UNINCORPORATED,-121.48828887939453,38.775615692138672
91552603,2021,2021-08-24,9285,2021-08-20,0850,014878,,5,1,9,5100,0,2,4,,1,073,"BUTTE HOUSE RD.","HOWLETT RD.",567.00,W,N,A,-,N,,,,,,,,,,Y,2,0,1,1,A,-,01,23152,A,M,H,I,A,A,H,-,A,D,0,,,,,Y,Y,D,22,1,0,0,0,0,0,0,0,0,"- ","- ",39.162551879882812,-121.69651794433594,SUTTER,UNINCORPORATED,-121.69627380371094,39.162540435791016
91552619,2021,2021-08-24,9285,2021-08-16,1725,016343,,1,2,9,5100,0,1,3,,1,051,SR-99,"HUNN ROAD",210.00,S,N,A,-,Y,,,99,,,,,,,Y,4,0,1,1,A,-,08,22107,,N,E,I,A,A,H,-,A,D,0,,,,,Y,,A,07,0,0,1,0,0,0,0,0,0,"- ","- ",39.120891571044922,-121.63465881347656,SUTTER,UNINCORPORATED,-121.63467407226562,39.120891571044922
91553786,2021,2021-08-25,9285,2021-08-23,0542,019830,,1,3,9,5100,0,1,3,,1,051,SR-99,"BOGUE ROAD",192.00,N,N,A,-,Y,,,99,,,,,,,Y,2,0,1,2,A,-,03,22350,,N,C,C,A,A,H,-,B,D,0,,,,Y,Y,,D,22,1,0,0,0,0,0,0,0,0,"- ","- ",39.098918914794922,-121.63443756103516,SUTTER,UNINCORPORATED,-121.63442993164062,39.098918914794922
91558693,2021,2021-08-30,9285,2021-08-22,1705,018561,,7,2,9,5100,0,3,5,,1,007,"LARKIN RD","RIVIERA RD",0.00,,Y,A,-,N,,,,,,,,,,N,3,0,1,2,A,-,05,21752,D,N,A,C,A,A,H,-,A,A,0,,,,,Y,,A,01,0,1,0,0,0,0,0,0,0,"- ","- ",39.301570892333984,-121.66001129150391,SUTTER,UNINCORPORATED,-121.659912109375,39.301586151123047
91560594,2021,2021-09-01,9285,2021-08-27,1725,016343,,5,2,9,5100,0,1,3,,1,051,SR-99,"LINCOLN ROAD",570.00,S,N,A,-,Y,,,99,,,,,,,Y,3,0,1,4,A,-,03,22350,,N,C,C,A,A,H,-,A,D,0,,,,,Y,,A,07,0,1,0,0,0,0,0,0,0,"- ","- ",39.111080169677734,-121.63461303710938,SUTTER,UNINCORPORATED,-121.63459014892578,39.111080169677734
91568635,2021,2021-09-13,9285,2021-09-03,2353,020096,,5,3,9,5100,0,3,5,,1,002,"RIEGO ROAD","NATOMAS ROAD",55.00,E,N,A,-,N,,,,,,,,,,Y,4,0,2,2,A,-,03,22350,,N,C,C,A,A,H,-,D,A,0,,,,,Y,,A,01,0,0,2,0,0,0,0,0,0,"- ","- ",38.751270294189453,-121.49414825439453,SUTTER,UNINCORPORATED,-121.49411773681641,38.751239776611328
91573326,2021,2021-09-17,9285,2021-09-12,1402,021012,,7,2,9,5100,0,3,5,,1,005,"PLEASANT GROVE RD.","HOWSLEY RD.",3168.00,N,N,A,-,N,,,,,,,,,,Y,2,0,1,2,A,-,01,23152,A,N,C,C,A,A,H,-,A,D,0,,,Y,,Y,Y,C,02,1,0,0,0,0,0,0,0,1,"- ","- ",38.832759857177734,-121.48824310302734,SUTTER,UNINCORPORATED,-121.48824310302734,38.832679748535156
91575508,2021,2021-09-21,9285,2021-09-13,2348,021025,,1,3,9,5100,0,3,5,,1,005,"BOGUE ROAD","FALLS DR",50.00,W,N,A,-,N,,,,,,,,,,Y,3,0,1,2,A,-,01,23152,A,N,B,C,A,A,H,-,D,D,0,,,,Y,Y,Y,D,22,0,1,0,0,0,0,0,0,0,"- ","- ",39.098190307617188,-121.65120697021484,SUTTER,UNINCORPORATED,-121.65115356445312,39.098220825195312
91575762,2021,2021-09-21,9285,2021-09-20,1730,018475,,1,2,9,5100,0,1,3,,1,071,SR-99,"LIVE OAK BLVD.",1520.00,S,N,A,-,Y,,,99,,,,,,,Y,4,0,1,2,A,-,09,21801,A,N,C,C,A,A,H,-,A,D,0,,,,,Y,,A,01,0,0,1,0,0,0,0,0,0,"- ","- ",39.214000701904297,-121.64093780517578,SUTTER,UNINCORPORATED,-121.64096069335938,39.213977813720703
91583739,2021,2021-09-30,9285,2021-07-25,1313,013174,,7,1,9,5100,0,3,5,,1,005,"TOWNSHIP RD","BOGUE RD",2000.00,S,N,A,-,N,,,,,,,,,,Y,1,1,0,1,A,-,08,22107,,N,E,I,A,A,H,-,A,D,0,,,,,Y,,A,01,0,0,0,0,0,0,0,0,0,"- ","- ",39.092399597167969,-121.68946838378906,SUTTER,UNINCORPORATED,-121.68940734863281,39.09246826171875
91589383,2021,2021-10-06,9285,2021-09-28,1038,014401,,2,1,9,5100,0,1,3,,1,051,SR-99,"SMITH RD",67.00,S,N,A,-,Y,,,99,,,,,,,Y,3,0,1,1,A,-,08,22107,,N,E,I,A,A,H,-,A,D,0,,,,,Y,,A,07,0,1,0,0,0,0,0,0,0,"- ","- ",39.101718902587891,-121.63478851318359,SUTTER,UNINCORPORATED,-121.63455963134766,39.101718902587891
91593550,2021,2021-10-11,9285,2021-10-01,2113,019223,,5,2,9,5100,0,3,5,,1,006,"PLEASANT GROVE RD","SYCAMORE LN",346.00,S,N,A,-,N,,,,,,,,,,N,3,0,1,1,A,-,08,22107,,N,F,A,A,A,H,-,D,D,0,,,,,Y,,A,01,0,1,0,0,0,0,0,0,0,"- ","- ",38.837608337402344,-121.48813629150391,SUTTER,UNINCORPORATED,-121.48813629150391,38.837570190429688
91595415,2021,2021-10-13,9285,2021-10-02,0400,014401,,6,3,9,5100,0,3,5,,1,001,"GARDEN HWY","W. CATLETT RD",10560.00,S,N,A,-,N,,,,,,,,,,Y,3,0,1,1,A,-,08,22107,,N,F,A,A,A,H,-,D,D,0,,,Y,,Y,,C,02,0,1,0,0,0,0,0,0,1,"- ","- ",38.807991027832031,-121.63375854492188,SUTTER,UNINCORPORATED,-121.63388824462891,38.809234619140625
91596111,2021,2021-10-14,9285,2021-10-07,2005,018475,,4,2,9,5100,0,3,5,,1,001,"RIEGO RD","PACIFIC AVE.",2000.00,E,N,A,-,N,,,,,,,,,,Y,4,0,1,1,A,-,08,22107,,N,F,I,A,A,H,-,D,D,0,,,,,Y,,B,07,0,0,1,0,0,0,0,0,0,"- ","- ",38.750919342041016,-121.51194763183594,SUTTER,UNINCORPORATED,-121.51818084716797,38.750774383544922
91600218,2021,2021-10-19,9285,2021-10-01,2050,018632,,5,2,9,5100,0,2,4,,1,052,SR-113,"PELGER RD",2640.00,S,N,A,-,Y,,,113,,,,,,,Y,1,1,0,2,A,-,08,22107,,N,A,C,A,A,H,-,D,D,0,,,,,Y,,A,01,0,0,0,0,0,0,0,0,0,"- ","- ",38.943149566650391,-121.68026733398438,SUTTER,UNINCORPORATED,-121.68026733398438,38.943149566650391
91607793,2021,2021-10-27,9285,2021-10-22,0815,018636,,5,1,9,5100,0,1,3,,1,011,SR-99,"NICOLAUS ROAD",0.00,,Y,B,C,Y,,,99,,,,,,,Y,4,0,1,1,A,-,03,22350,,N,E,I,A,B,H,-,A,D,0,,,,,Y,,A,07,0,0,1,0,0,0,0,0,0,"- ","- ",38.896919250488281,-121.58171081542969,SUTTER,UNINCORPORATED,-121.58193969726562,38.896678924560547
91609263,2021,2021-10-28,9285,2021-10-17,1635,019223,,7,2,9,5100,0,1,3,,2,031,SR-113,"KNIGHTS RD",94.00,N,N,A,-,Y,,,113,,,,,,,Y,2,0,3,2,A,-,01,23152,F,N,A,C,A,A,H,-,A,D,0,,,,,Y,,A,01,2,1,0,0,0,0,0,0,0,"- ","- ",38.840869903564453,-121.71867370605469,SUTTER,UNINCORPORATED,-121.71868133544922,38.840873718261719
91613591,2021,2021-11-02,9285,2021-10-26,1210,016052,,2,1,9,5100,0,3,5,,1,001,"GARDEN HWY","RIEGO ROAD",155.00,N,N,A,-,N,,,,,,,,,,Y,3,0,1,1,A,-,08,22107,,N,E,I,A,A,H,-,A,D,0,,,,,Y,,A,07,0,1,0,0,0,0,0,0,0,"- ","- ",38.749881744384766,-121.59362030029297,SUTTER,UNINCORPORATED,-121.59398651123047,38.749336242675781
91615919,2021,2021-11-04,9285,2021-10-25,0115,021920,,1,3,9,5100,0,1,3,,2,031,SR-113,"EVERGLADE RD",2376.00,S,N,A,-,N,,,113,,,,,,,N,4,0,1,1,A,-,01,23152,A,N,A,I,A,B,H,-,D,D,0,,,,,Y,Y,A,01,0,0,1,0,0,0,0,0,0,"- ","- ",38.9747314453125,-121.67214202880859,SUTTER,UNINCORPORATED,-121.67205810546875,38.9747314453125
91626436,2021,2021-11-16,9285,2021-11-06,1700,020070,,6,2,9,5100,0,1,3,,1,011,SR-99,"STRIPLIN RD",0.00,,Y,B,-,Y,,,99,,,,,,,Y,4,0,1,1,A,-,03,22350,,N,E,I,A,A,H,-,A,D,0,,,,,Y,,A,01,0,0,1,0,0,0,0,0,0,"- ","- ",38.866531372070312,-121.55452728271484,SUTTER,UNINCORPORATED,-121.55477905273438,38.8663330078125
91626439,2021,2021-11-16,9285,2021-11-09,0750,016052,,2,1,9,5100,0,3,5,,1,007,"TIERRA BUENA ROAD","SUPP ROAD",280.00,N,N,A,-,N,,,,,,,,,,N,4,0,1,2,A,-,06,21750,A,M,B,C,A,A,H,-,A,D,0,,,,,Y,,A,01,0,0,1,0,0,0,0,0,0,"- ","- ",39.176380157470703,-121.66233062744141,SUTTER,UNINCORPORATED,-121.66223907470703,39.176338195800781
91634531,2021,2021-11-24,9285,2021-11-10,0928,015976,,3,1,9,5100,0,1,3,,1,051,SR-99,"STEWART RD.",0.00,,Y,B,-,Y,,,99,,,,,,,Y,1,1,1,3,A,-,09,21801,A,N,D,C,A,A,H,-,A,D,0,,,,,Y,,A,01,0,1,0,0,0,0,0,0,0,"- ","- ",39.087139129638672,-121.63475036621094,SUTTER,UNINCORPORATED,-121.63471221923828,39.087139129638672
91636793,2021,2021-11-29,9285,2021-11-12,1220,015976,,5,1,9,5100,0,1,3,,1,011,SR-99,"SACRAMENTO AVE",0.00,,Y,B,E,Y,,,99,,,,,,,Y,3,0,2,2,A,-,08,22107,,N,C,C,A,A,H,-,A,D,0,,,,,Y,,A,01,0,1,1,0,0,0,0,0,0,"- ","- ",38.916408538818359,-121.60575866699219,SUTTER,UNINCORPORATED,-121.60580444335938,38.9163818359375
91641344,2021,2021-12-02,9285,2021-11-23,1440,018475,,2,2,9,5100,0,1,3,,1,011,SR99,"SACRAMENTO AVE",97.00,S,N,A,-,Y,,,99,,,,,,,Y,2,0,2,2,A,-,08,22107,,N,A,C,A,A,H,-,A,D,0,,,,,Y,,A,01,2,0,0,0,0,0,0,0,0,"- ","- ",38.916130065917969,-121.6055908203125,SUTTER,UNINCORPORATED,-121.60561370849609,38.916107177734375
91645036,2021,2021-12-07,9285,2021-11-24,0755,015976,,3,1,9,5100,0,2,4,,1,052,"GARDEN HWY","STAR BEND DR.",2112.00,N,N,A,-,N,,,,,,,,,,Y,3,0,2,1,A,-,08,22107,,N,F,A,A,A,H,-,A,D,0,,,,,Y,,A,01,0,1,1,0,0,0,0,0,0,"- ","- ",39.017139434814453,-121.61593627929688,SUTTER,UNINCORPORATED,-121.6153564453125,39.016098022460938
91646749,2021,2021-12-08,9285,2021-11-27,0555,019223,,6,3,9,5100,0,1,3,,1,051,"SR-99 S/B","HOWSLEY RD",3199.00,N,N,E,-,Y,,,99,,,,,,S,Y,3,0,1,1,A,-,08,22107,,N,E,8,A,A,H,-,D,D,0,,,,,Y,,A,01,0,1,0,0,0,0,0,0,0,"- ","- ",38.829059600830078,-121.54392242431641,SUTTER,UNINCORPORATED,-121.54386901855469,38.829059600830078
91647935,2021,2021-12-09,9285,2021-12-02,0630,015976,,4,1,9,5100,0,2,4,,1,052,"GARDEN HWY","OSWALD RD",450.00,N,N,E,-,N,,,,,,,,,,Y,3,0,1,1,C,-,18,,,N,E,H,A,B,H,-,B,D,0,,,,,Y,,-,"- ",0,1,0,0,0,0,0,0,0,"- ","- ",39.067020416259766,-121.61031341552734,SUTTER,UNINCORPORATED,-121.61072540283203,39.066234588623047
91648908,2021,2021-12-10,9285,2021-12-02,1500,016343,,4,2,9,5100,0,1,3,,1,010,SR-70,"CORNELIUS AVENUE",600.00,N,N,A,-,Y,,,,,,,,,,Y,3,0,1,2,A,-,08,22107,,N,A,C,A,A,H,-,A,D,0,,,,,Y,,A,01,0,1,0,0,0,0,0,0,0,"- ","- ",39.929149627685547,-121.54376983642578,SUTTER,UNINCORPORATED,-121.54374694824219,38.926727294921875