CASE_ID,ACCIDENT_YEAR,PROC_DATE,JURIS,COLLISION_DATE,COLLISION_TIME,OFFICER_ID,REPORTING_DISTRICT,DAY_OF_WEEK,CHP_SHIFT,POPULATION,CNTY_CITY_LOC,SPECIAL_COND,BEAT_TYPE,CHP_BEAT_TYPE,CITY_DIVISION_LAPD,CHP_BEAT_CLASS,BEAT_NUMBER,PRIMARY_RD,SECONDARY_RD,DISTANCE,DIRECTION,INTERSECTION,WEATHER_1,WEATHER_2,STATE_HWY_IND,CALTRANS_COUNTY,CALTRANS_DISTRICT,STATE_ROUTE,ROUTE_SUFFIX,POSTMILE_PREFIX,POSTMILE,LOCATION_TYPE,RAMP_INTERSECTION,SIDE_OF_HWY,TOW_AWAY,COLLISION_SEVERITY,NUMBER_KILLED,NUMBER_INJURED,PARTY_COUNT,PRIMARY_COLL_FACTOR,PCF_CODE_OF_VIOL,PCF_VIOL_CATEGORY,PCF_VIOLATION,PCF_VIOL_SUBSECTION,HIT_AND_RUN,TYPE_OF_COLLISION,MVIW,PED_ACTION,ROAD_SURFACE,ROAD_COND_1,ROAD_COND_2,LIGHTING,CONTROL_DEVICE,CHP_ROAD_TYPE,PEDESTRIAN_ACCIDENT,BICYCLE_ACCIDENT,MOTORCYCLE_ACCIDENT,TRUCK_ACCIDENT,NOT_PRIVATE_PROPERTY,ALCOHOL_INVOLVED,STWD_VEHTYPE_AT_FAULT,CHP_VEHTYPE_AT_FAULT,COUNT_SEVERE_INJ,COUNT_VISIBLE_INJ,COUNT_COMPLAINT_PAIN,COUNT_PED_KILLED,COUNT_PED_INJURED,COUNT_BICYCLIST_KILLED,COUNT_BICYCLIST_INJURED,COUNT_MC_KILLED,COUNT_MC_INJURED,PRIMARY_RAMP,SECONDARY_RAMP,LATITUDE,LONGITUDE,COUNTY,CITY,POINT_X,POINT_Y
91650802,2021,2021-12-13,9285,2021-12-03,0750,019223,,5,1,9,5100,0,3,5,,1,007,"SOUTH BUTTE RD","LOCUST ST",2679.00,E,N,E,-,N,,,,,,,,,,Y,3,0,1,1,A,-,03,22350,,N,E,I,A,B,H,-,A,D,0,,,,,Y,,A,07,0,1,0,0,0,0,0,0,0,"- ","- ",39.154720306396484,-121.73520660400391,SUTTER,UNINCORPORATED,-121.73519134521484,39.154670715332031
91652946,2021,2021-12-15,9285,2021-12-03,0735,015976,,5,1,9,5100,0,1,3,,1,011,SR-99,"WILSON RD",0.00,,Y,E,-,Y,,,99,,,,,,,Y,3,0,3,2,A,-,12,21453,A,N,D,C,A,B,H,-,A,A,0,,,,,Y,,D,22,0,3,0,0,0,0,0,0,0,"- ","- ",38.974941253662109,-121.60990905761719,SUTTER,UNINCORPORATED,-121.60987091064453,38.974967956542969
91683585,2021,2022-01-24,9285,2021-12-29,0715,015976,,3,1,9,5100,0,1,3,,1,011,SR-99,"SACRAMENTO AVE",4224.00,S,N,B,C,Y,,,,,,,,,,Y,3,0,2,1,A,-,03,22350,,N,E,I,A,B,H,-,A,D,0,,,,,Y,,A,01,0,2,0,0,0,0,0,0,0,"- ","- ",38.909439086914062,-121.59329986572266,SUTTER,UNINCORPORATED,-121.59456634521484,38.908863067626953
9216285,2021,2021-03-04,5102,2021-01-18,1424,4073,1,1,5,4,5102,0,0,0,,0,001,"GEORGE WASHINGTON BL","FRANKLIN RD",0.00,,Y,A,-,N,,,,,,,,,,Y,3,0,4,3,A,-,09,21800,A,N,D,C,A,A,H,-,A,A,0,,,,,Y,,A,01,0,1,3,0,0,0,0,0,0,"- ","- ",,,SUTTER,"YUBA CITY",-121.67189788818359,39.127105712890625
9217742,2021,2021-03-17,5102,2021-01-14,1128,4118,4,4,5,4,5102,0,0,0,,0,004,"B ST","ROBINSON AV",10.00,W,N,A,-,N,,,,,,,,,,N,4,0,1,2,A,-,03,22350,,N,C,C,A,A,H,-,A,D,0,,,,,Y,,A,01,0,0,1,0,0,0,0,0,0,"- ","- ",,,SUTTER,"YUBA CITY",-121.61964416503906,39.131649017333984
9233242,2021,2021-04-05,5102,2021-02-15,0926,4073,1,1,5,4,5102,0,0,0,,0,001,"N WALTON AV","LASSEN BL",575.00,N,N,B,-,N,,,,,,,,,,N,4,0,2,2,A,-,21,22106,,N,C,C,A,A,H,-,A,A,0,,,,,Y,,A,01,0,0,2,0,0,0,0,0,0,"- ","- ",,,SUTTER,"YUBA CITY",-121.64391326904297,39.139549255371094
9239042,2021,2021-04-01,5102,2021-02-23,1456,4105,2,2,5,4,5102,0,0,0,,0,002,"THARP RD","DEL PRADO WY",0.00,,Y,A,-,N,,,,,,,,,,N,3,0,1,2,A,-,09,21804,A,N,D,C,A,A,H,-,A,D,0,,,,,Y,,A,01,0,1,0,0,0,0,0,0,0,"- ","- ",,,SUTTER,"YUBA CITY",,
9239044,2021,2021-04-01,5102,2021-02-28,1301,4094,4,7,5,4,5102,0,0,0,,0,004,"FORBES AV","ALMOND ST",0.00,,Y,A,-,N,,,,,,,,,,Y,3,0,2,2,A,-,09,21802,A,N,D,C,A,A,H,-,A,D,0,,,,,Y,,A,01,0,2,0,0,0,0,0,0,0,"- ","- ",,,SUTTER,"YUBA CITY",-121.61904144287109,39.137660980224609
9244600,2021,2021-04-13,5102,2021-03-04,1458,4077,1,4,5,4,5102,0,0,0,,0,001,"FRANKLIN RD","NANTUCKET WY",10.00,W,N,A,-,N,,,,,,,,,,Y,4,0,2,2,A,-,09,21804,A,N,D,C,A,A,H,-,A,D,0,,,,,Y,,A,01,0,0,2,0,0,0,0,0,0,"- ","- ",,,SUTTER,"YUBA CITY",-121.64651489257812,39.127281188964844
9245525,2021,2021-04-07,5102,2021-02-25,1456,4077,4,4,5,4,5102,0,0,0,,0,004,"RT 20","LIVE OAK BL",0.00,,Y,A,-,Y,SUT,3,20,-,-,16.330,I,5,E,Y,4,0,1,2,A,-,12,21453,A,N,D,C,A,A,H,-,A,A,0,,,,,Y,,A,07,0,0,1,0,0,0,0,0,0,"- ","- ",,,SUTTER,"YUBA CITY",-121.62077331542969,39.141246795654297
9252879,2021,2021-04-28,5102,2021-03-11,1715,4126,3,4,5,4,5102,0,0,0,,0,003,"QUEENS AV","BRUNDY CT",145.00,E,N,A,-,N,,,,,,,,,,N,4,0,1,2,A,-,01,23152,A,N,C,C,A,A,H,-,A,A,0,,,,,Y,Y,A,01,0,0,1,0,0,0,0,0,0,"- ","- ",,,SUTTER,"YUBA CITY",-121.61904907226562,39.152259826660156
9253221,2021,2021-05-05,5102,2021-01-30,0231,4061,5,6,5,4,5102,0,0,0,,0,005,"GARDEN HWY","BELL AV",50.00,S,N,A,-,N,,,,,,,,,,Y,4,0,1,4,A,-,05,21650,A,N,C,E,A,A,H,-,C,D,0,,,,,Y,,A,01,0,0,1,0,0,0,0,0,0,"- ","- ",,,SUTTER,"YUBA CITY",-121.61400604248047,39.121253967285156
9255711,2021,2021-05-06,5102,2021-03-14,2157,4130,3,7,5,4,5102,0,0,0,,0,003,"BUTTE HOUSE RD","EAST ONSTOTT RD",377.00,E,N,C,-,N,,,,,,,,,,Y,3,0,1,1,A,-,01,23152,A,M,F,I,A,B,H,-,D,D,0,,,,,Y,Y,A,01,0,1,0,0,0,0,0,0,0,"- ","- ",,,SUTTER,"YUBA CITY",-121.63335418701172,39.145374298095703
9255713,2021,2021-05-06,5102,2021-03-18,1420,4077,3,4,5,4,5102,0,0,0,,0,003,"BUTTE HOUSE RD","E ONSTOTT FRONTAGE RD",190.00,W,N,C,-,N,,,,,,,,,,Y,4,0,1,2,A,-,01,23152,A,N,C,C,A,B,H,-,A,D,0,,,,,Y,Y,A,01,0,0,1,0,0,0,0,0,0,"- ","- ",,,SUTTER,"YUBA CITY",-121.63531494140625,39.145610809326172
9261300,2021,2021-05-17,5102,2021-03-11,1746,4129,3,4,5,4,5102,0,0,0,,0,003,"RT 20","CLARK AV",0.00,,Y,A,-,Y,SUT,3,20,-,-,16.060,I,5,W,Y,3,0,2,2,A,-,12,21453,A,N,D,C,A,A,H,-,A,A,0,,,,,Y,,A,01,0,1,1,0,0,0,0,0,0,"- ","- ",,,SUTTER,"YUBA CITY",-121.62569427490234,39.141708374023438
9261312,2021,2021-05-13,5102,2021-04-13,0938,4105,2,2,5,4,5102,0,0,0,,0,002,"RT 20","STABLER LN",349.00,E,N,A,-,Y,SUT,3,20,-,R,15.160,H,-,W,Y,3,0,1,3,A,-,03,22350,,N,C,C,A,A,H,-,A,D,0,,,,,Y,,A,08,0,1,0,0,0,0,0,0,0,"- ","- ",,,SUTTER,"YUBA CITY",-121.64283752441406,39.141830444335938
9269104,2021,2021-06-25,5100,2021-03-11,0817,2540,LOCA2,4,5,2,5101,0,0,0,,0,02B,"PENNINGTON RD","N ST",131.00,W,N,A,-,N,,,,,,,,,,Y,3,0,1,2,A,-,09,21804,A,N,D,C,A,A,H,-,A,A,0,,,,,Y,,D,22,0,1,0,0,0,0,0,0,0,"- ","- ",,,SUTTER,"LIVE OAK",-121.66416168212891,39.276050567626953
9270024,2021,2021-06-18,5102,2021-04-19,1612,4105,4,1,5,4,5102,0,0,0,,0,004,"RT 20","OLIVE ST",0.00,,Y,A,-,Y,SUT,3,20,-,-,16.330,I,5,E,Y,2,0,3,4,A,-,07,21658,A,N,B,C,A,A,H,-,A,A,0,,,,Y,Y,,A,01,2,1,0,0,0,0,0,0,0,"- ","- ",,,SUTTER,"YUBA CITY",-121.62077331542969,39.141246795654297
9270676,2021,2021-06-03,5102,2021-04-28,1500,4073,4,3,5,4,5102,0,0,0,,0,004,"BRIDGE ST","COOPER AV",0.00,,Y,A,-,N,,,,,,,,,,Y,4,0,1,2,A,-,12,21453,A,N,D,C,A,A,H,-,A,A,0,,,,,Y,,A,01,0,0,1,0,0,0,0,0,0,"- ","- ",,,SUTTER,"YUBA CITY",-121.62329864501953,39.132541656494141
9273727,2021,2021-06-25,5102,2021-05-31,0946,4073,3,1,5,4,5102,0,0,0,,0,003,"BIRD ST","PLUMAS ST",250.00,W,N,A,-,N,,,,,,,,,,Y,3,0,1,3,A,-,01,23152,A,N,B,C,A,A,H,-,A,D,0,,,,,Y,Y,A,07,0,1,0,0,0,0,0,0,0,"- ","- ",,,SUTTER,"YUBA CITY",-121.61840057373047,39.145645141601562
9276551,2021,2021-09-30,5102,2021-09-06,1755,4113,4,1,5,4,5102,0,0,0,,0,004,"RT 99","SUNSWEET BL",50.00,N,N,A,-,Y,SUT,3,99,-,-,30.260,H,-,S,Y,4,0,2,2,A,-,07,21658,A,N,B,C,A,A,H,-,A,A,0,,,,,Y,,A,01,0,0,2,0,0,0,0,0,0,"- ","- ",,,SUTTER,"YUBA CITY",-121.63468933105469,39.135879516601562
9278878,2021,2021-06-29,5102,2021-05-18,1736,4105,4,2,5,4,5102,0,0,0,,0,004,"PLUMAS ST","B ST",0.00,,Y,A,-,N,,,,,,,,,,Y,4,0,1,2,A,-,09,21802,A,N,A,C,A,A,H,-,A,A,0,,,,,Y,,A,01,0,0,1,0,0,0,0,0,0,"- ","- ",,,SUTTER,"YUBA CITY",-121.61437225341797,39.1334228515625
9280282,2021,2021-06-28,5102,2021-05-19,0039,4101,1,3,5,4,5102,0,0,0,,0,,"N GEORGE WASHINGTON BL","RT 20",5.00,N,N,A,G,Y,SUT,3,20,-,-,13.600,I,5,W,Y,4,0,1,1,A,-,08,22107,,N,E,I,A,A,H,-,C,A,0,,,Y,,Y,,C,02,0,0,1,0,0,0,0,0,1,"- ","- ",,,SUTTER,"YUBA CITY",-121.6717529296875,39.141468048095703
9280286,2021,2021-06-28,5102,2021-05-23,2038,4110,4,7,5,4,5102,0,0,0,,0,004,"RT 20","GRAY AV",0.00,,Y,A,-,Y,SUT,3,20,-,-,15.810,I,5,E,N,3,0,1,2,A,-,12,21453,A,F,D,G,A,A,H,-,C,A,0,,Y,,,Y,,A,01,0,1,0,0,0,0,1,0,0,"- ","- ",,,SUTTER,"YUBA CITY",-121.63030242919922,39.141681671142578
9281896,2021,2021-07-08,5102,2021-05-27,1823,4106,4,4,5,4,5102,0,0,0,,0,004,"CLARK AV","FORBES AV",0.00,,Y,A,-,N,,,,,,,,,,Y,4,0,1,2,A,-,12,22450,A,N,D,C,A,A,H,-,B,A,0,,,,,Y,,A,01,0,0,1,0,0,0,0,0,0,"- ","- ",,,SUTTER,"YUBA CITY",-121.62545013427734,39.137920379638672
9282113,2021,2021-07-15,5102,2021-06-05,0713,4124,2,6,5,4,5102,0,0,0,,0,002,"STABLER AV","BRADLEY ESTATES DR",0.00,,Y,A,-,N,,,,,,,,,,N,3,0,1,2,A,-,08,22107,,N,A,G,A,A,H,-,A,D,0,,Y,,,Y,,L,04,0,1,0,0,0,0,1,0,0,"- ","- ",,,SUTTER,"YUBA CITY",-121.64402770996094,39.157657623291016
9290139,2021,2021-07-29,5102,2021-06-03,0845,4129,4,4,5,4,5102,0,0,0,,0,004,"CLARK AV","BRIDGE ST",0.00,,Y,A,-,N,,,,,,,,,,Y,4,0,1,2,A,-,12,21453,A,N,D,C,A,A,H,-,A,A,0,,,,,Y,,A,01,0,0,1,0,0,0,0,0,0,"- ","- ",,,SUTTER,"YUBA CITY",-121.62516021728516,39.132217407226562
9301249,2021,2021-08-16,5102,2021-07-07,2058,9012,1,3,5,4,5102,0,0,0,,0,001,"RT 20","EL MARGARITA WY",0.00,,Y,A,-,Y,SUT,3,20,-,-,14.095,I,5,E,Y,2,0,1,2,A,-,08,22107,,N,D,C,A,A,H,-,C,A,0,,,Y,,Y,,A,01,1,0,0,0,0,0,0,0,1,"- ","- ",,,SUTTER,"YUBA CITY",-121.66249084472656,39.141395568847656
9303657,2021,2021-09-10,5102,2021-07-07,1211,4077,4,3,5,4,5102,0,0,0,,0,004,"BRIDGE ST","N LAWRENCE AV",180.00,E,N,A,-,N,,,,,,,,,,Y,3,0,2,2,A,-,08,21460,5,N,D,C,A,A,H,-,A,D,0,,,,,Y,,A,01,0,2,0,0,0,0,0,0,0,"- ","- ",,,SUTTER,"YUBA CITY",-121.63161468505859,39.132339477539062
9303660,2021,2021-09-11,5102,2021-07-10,0335,4126,3,6,5,4,5102,0,0,0,,0,003,"QUEENS AV","STEWART WY",57.00,E,N,A,-,N,,,,,,,,,,Y,2,0,1,2,A,-,01,23152,A,N,C,E,A,A,H,-,C,D,0,,,,,Y,Y,A,01,1,0,0,0,0,0,0,0,0,"- ","- ",,,SUTTER,"YUBA CITY",-121.62665557861328,39.151805877685547
9312338,2021,2021-09-09,5102,2021-08-04,1328,4105,4,3,5,4,5102,0,0,0,,0,004,"RT 20","PLUMAS ST",30.00,E,N,A,-,Y,SUT,3,20,-,-,16.540,H,-,W,N,3,0,1,2,A,-,03,22350,,N,C,C,A,A,H,-,A,A,0,,,,,Y,,A,01,0,1,0,0,0,0,0,0,0,"- ","- ",,,SUTTER,"YUBA CITY",-121.61711883544922,39.140953063964844
9315438,2021,2021-09-14,5102,2021-07-29,1006,4102,5,4,5,4,5102,0,0,0,,0,005,"GRAY AV","AINSLEY AV",0.00,,Y,A,-,N,,,,,,,,,,Y,3,0,1,2,A,-,12,21453,A,F,D,C,A,A,H,-,A,A,0,,,,,Y,,A,01,0,1,0,0,0,0,0,0,0,"- ","- ",,,SUTTER,"YUBA CITY",-121.63021850585938,39.143978118896484
9319776,2021,2021-09-08,5102,2021-07-28,1234,4102,5,3,5,4,5102,0,0,0,,0,005,"BOGUE RD","MAGNOLIA DR",0.00,,Y,A,-,N,,,,,,,,,,Y,3,0,3,2,A,-,09,21804,A,N,D,C,A,A,H,-,A,D,0,,,,,Y,,A,07,0,3,0,0,0,0,0,0,0,"- ","- ",,,SUTTER,"YUBA CITY",-121.61711883544922,39.100444793701172
9326590,2021,2021-10-12,5102,2021-07-20,1155,4073,4,2,5,4,5102,0,0,0,,0,004,"B ST","PERCY AV",0.00,,Y,A,-,N,,,,,,,,,,N,3,0,1,2,A,-,10,21950,A,F,G,B,E,A,H,-,A,A,0,Y,,,,Y,,-,99,0,1,0,0,1,0,0,0,0,"- ","- ",,,SUTTER,"YUBA CITY",-121.61631011962891,39.132774353027344
9339723,2021,2021-10-25,5102,2021-09-16,1511,4073,3,4,5,4,5102,0,0,0,,0,003,"GRAY AV","RT 20",50.00,N,N,A,-,Y,SUT,3,20,-,-,15.810,I,6,W,N,3,0,3,3,A,-,07,21658,A,N,B,C,A,A,H,-,A,D,0,,,,,Y,,A,01,0,1,2,0,0,0,0,0,0,"- ","- ",,,SUTTER,"YUBA CITY",-121.63031005859375,39.141838073730469
9346047,2021,2021-11-05,5102,2021-09-28,1818,4027,2,2,5,4,5102,0,0,0,,0,002,"RT 20","CIVIC CENTER BL",357.00,W,N,A,-,Y,SUT,3,20,-,R,15.320,H,-,E,Y,3,0,2,2,A,-,09,21804,,N,D,C,A,A,H,-,A,D,0,,,,,Y,,-,"- ",0,2,0,0,0,0,0,0,0,"- ","- ",,,SUTTER,"YUBA CITY",-121.63983154296875,39.141746520996094
9346050,2021,2021-10-28,5102,2021-09-24,2025,4126,2,5,5,4,5102,0,0,0,,0,002,"FRANKLIN RD","NEIL DR",0.00,,Y,A,-,N,,,,,,,,,,Y,3,0,2,2,A,-,09,21801,A,N,D,C,A,A,H,-,A,A,0,,,,Y,Y,,A,01,0,1,1,0,0,0,0,0,0,"- ","- ",,,SUTTER,"YUBA CITY",-121.63966369628906,39.127311706542969
9348330,2021,2021-11-10,5102,2021-09-24,0724,4077,1,5,5,4,5102,0,0,0,,0,001,"RT 20","HARTER PKWY",0.00,,Y,A,-,Y,SUT,3,20,-,-,14.470,I,5,E,Y,2,0,3,2,A,-,12,21453,A,N,D,C,A,A,H,-,B,A,0,,,,Y,Y,,F,26,2,1,0,0,0,0,0,0,0,"- ","- ",,,SUTTER,"YUBA CITY",-121.65554809570312,39.141433715820312
9352890,2021,2021-12-09,5102,2021-10-06,1417,4077,4,3,5,4,5102,0,0,0,,0,004,"PARK AV","FRANKLIN AV",430.00,N,N,A,-,N,,,,,,,,,,N,4,0,1,2,A,-,05,21202,A,F,H,G,A,A,H,-,A,D,0,,Y,,,Y,,A,07,0,0,1,0,0,0,1,0,0,"- ","- ",,,SUTTER,"YUBA CITY",-121.62108612060547,39.1292724609375
9352980,2021,2021-11-09,5102,2021-10-12,0326,4076,5,2,5,4,5102,0,0,0,,0,005,"WINSHIP RD","GARDEN HWY",1250.00,E,N,A,-,N,,,,,,,,,,Y,3,0,2,1,A,-,03,22350,,N,A,I,A,A,H,-,D,D,0,,,,,Y,,A,01,0,2,0,0,0,0,0,0,0,"- ","- ",,,SUTTER,"YUBA CITY",-121.61663818359375,39.119270324707031
9355697,2021,2021-11-01,5102,2021-09-21,2015,4110,,2,5,4,5102,0,0,0,,0,004,"RT 20","STAFFORD WY",170.00,W,N,A,-,Y,SUT,3,20,-,-,15.900,H,-,E,N,4,0,1,2,A,-,11,21954,A,N,G,B,D,A,H,-,C,D,0,Y,,,,Y,,N,60,0,0,1,0,1,0,0,0,0,"- ","- ",,,SUTTER,"YUBA CITY",-121.62863922119141,39.141643524169922
9355809,2021,2021-11-05,5102,2021-09-03,1340,4077,3,5,5,4,5102,0,0,0,,0,003,"RT 20","PLUMAS ST",0.00,,Y,A,-,Y,SUT,3,20,-,-,16.520,I,5,W,Y,4,0,1,3,A,-,09,21453,C,N,D,C,A,A,H,-,A,A,0,,,,,Y,,-,,0,0,1,0,0,0,0,0,0,"- ","- ",,,SUTTER,"YUBA CITY",-121.61746215820312,39.140830993652344
9359258,2021,2021-11-29,5102,2021-10-22,1337,4077,2,5,5,4,5102,0,0,0,,0,002,"BRIDGE ST","N WALTON AV",608.00,W,N,B,-,N,,,,,,,,,,N,4,0,1,2,A,-,17,21228,,N,D,J,A,A,H,-,A,D,0,,,Y,,Y,,C,03,0,0,1,0,0,0,0,0,1,"- ","- ",,,SUTTER,"YUBA CITY",-121.64602661132812,39.132331848144531
9359259,2021,2021-11-29,5102,2021-10-08,0544,4134,3,5,5,4,5102,0,0,0,,0,003,"GRAY AV","WILLIAMS WY",0.00,,Y,A,-,N,,,,,,,,,,N,4,0,1,2,A,-,05,21650,A,F,G,G,A,A,H,-,C,A,0,,Y,,,Y,,A,01,0,0,1,0,0,0,1,0,0,"- ","- ",,,SUTTER,"YUBA CITY",-121.63006591796875,39.150829315185547
9359261,2021,2021-11-30,5102,2021-10-07,1740,4123,3,4,5,4,5102,0,0,0,,0,003,"CLARKE AV","QUEENS AV",1.00,N,N,A,-,N,,,,,,,,,,N,3,0,1,2,A,-,10,21950,A,F,G,G,A,A,H,-,A,D,0,,Y,,,Y,Y,A,01,0,1,0,0,0,0,1,0,0,"- ","- ",,,SUTTER,"YUBA CITY",-121.62602996826172,39.151802062988281
9359451,2021,2021-11-15,5102,2021-08-27,1225,4135,4,5,5,4,5102,0,0,0,,0,004,"BRIDGE ST","HUGHES AV",15.00,E,N,A,-,N,,,,,,,,,,N,4,0,1,3,A,-,03,22350,,N,C,C,A,A,H,-,A,A,0,,,,,Y,,A,01,0,0,1,0,0,0,0,0,0,"- ","- ",,,SUTTER,"YUBA CITY",-121.62711334228516,39.132259368896484
9363022,2021,2021-12-06,5102,2021-10-20,1705,4122,4,3,5,4,5102,0,0,0,,0,004,"BRIDGE ST","SHASTA ST",0.00,,Y,B,-,N,,,,,,,,,,N,4,0,1,2,A,-,12,21453,A,N,D,C,A,B,H,-,A,A,0,,,,,Y,,A,01,0,0,1,0,0,0,0,0,0,"- ","- ",39.135959625244141,-121.61372375488281,SUTTER,"YUBA CITY",-121.61367034912109,39.135959625244141
9363481,2021,2021-11-30,5102,2021-10-15,1706,4122,4,5,5,4,5102,0,0,0,,0,,"5TH ST BRIDGE","BOYD ST",900.00,E,N,A,-,N,,,,,,,,,,N,3,0,1,2,A,-,05,21650,1,F,H,G,A,A,H,-,A,D,0,,Y,,,Y,,L,04,0,1,0,0,0,0,1,0,0,"- ","- ",,,SUTTER,"YUBA CITY",-121.60824584960938,39.137832641601562
9363482,2021,2021-11-30,5102,2021-10-10,0050,4129,5,7,5,4,5102,0,0,0,,0,005,"GARDEN HWY","TEESEDALE RD",0.00,,Y,A,-,N,,,,,,,,,,Y,3,0,2,2,D,-,00,,,N,A,C,A,A,H,-,C,A,0,,,,,Y,,-,"- ",0,1,1,0,0,0,0,0,0,"- ","- ",,,SUTTER,"YUBA CITY",-121.61676788330078,39.107555389404297
9363537,2021,2021-11-24,5102,2021-11-03,2250,4122,4,3,5,4,5102,0,0,0,,0,004,"GARDEN HWY","2ND ST",219.00,S,N,A,-,N,,,,,,,,,,Y,4,0,1,2,A,-,08,22107,,N,C,E,A,A,H,-,C,D,0,,,,,Y,,A,01,0,0,1,0,0,0,0,0,0,"- ","- ",,,SUTTER,"YUBA CITY",-121.60488128662109,39.132083892822266
9375052,2021,2021-12-10,5102,2021-10-29,2111,4133,4,5,5,4,5102,0,0,0,,0,004,"SHASTA ST","AYLOR ST",40.00,S,N,A,-,N,,,,,,,,,,Y,3,0,2,2,A,-,01,23152,F,M,D,C,A,A,H,-,C,A,0,,,,,Y,Y,A,01,0,2,0,0,0,0,0,0,0,"- ","- ",,,SUTTER,"YUBA CITY",-121.61450958251953,39.137748718261719
9375283,2021,2022-01-19,5102,2021-11-12,1616,4106,5,5,5,4,5102,0,0,0,,0,,"PHILLIPS RD","LINCOLN RD",50.00,S,N,A,-,N,,,,,,,,,,N,4,0,1,3,A,-,03,22350,,N,C,C,A,A,H,-,B,A,0,,,,,Y,,D,22,0,0,1,0,0,0,0,0,0,"- ","- ",,,SUTTER,"YUBA CITY",-121.63222503662109,39.112602233886719
9378690,2021,2021-12-23,5100,2021-10-30,1547,2555,LOCA2,6,5,2,5101,0,0,0,,0,02A,"RT 99","NEVADA ST",0.00,,Y,A,-,Y,SUT,3,99,-,-,40.625,I,5,S,Y,3,0,1,2,A,-,09,21801,A,N,D,C,A,A,D,-,A,D,0,,,,,Y,,-,,0,1,0,0,0,0,0,0,0,"- ","- ",,,SUTTER,"LIVE OAK",-121.66130828857422,39.281520843505859
9380121,2021,2022-02-14,5102,2021-12-22,1228,4115,2,3,5,4,5102,0,0,0,,0,002,"RT 20","WALTON AV",622.00,,N,B,-,Y,SUT,3,20,-,R,15.230,H,-,W,Y,4,0,1,2,A,-,21,22106,,N,D,C,A,B,H,-,A,D,0,,,,,Y,,A,08,0,0,1,0,0,0,0,0,0,"- ","- ",,,SUTTER,"YUBA CITY",-121.64151763916016,39.141841888427734
9380136,2021,2022-02-15,5102,2021-12-29,1354,484,3,3,5,4,5102,0,0,0,,0,003,"RT 20","SHASTA ST",1856.00,E,N,B,C,Y,SUT,3,20,-,-,17.020,H,-,E,Y,3,0,1,1,A,-,08,22107,,N,E,I,A,B,H,-,A,D,0,,,,,Y,,D,22,0,1,0,0,0,0,0,0,0,"- ","- ",,,SUTTER,"YUBA CITY",-121.60873413085938,39.143360137939453
9389580,2021,2022-01-24,5102,2021-12-14,1123,4077,4,2,5,4,5102,0,0,0,,0,004,"FRANKLIN AV","N PALORA AV",0.00,,Y,B,-,N,,,,,,,,,,Y,4,0,1,2,A,-,09,21801,A,N,D,C,A,B,H,-,A,D,0,,,,,Y,,A,07,0,0,1,0,0,0,0,0,0,"- ","- ",,,SUTTER,"YUBA CITY",-121.63336181640625,39.127300262451172
9393382,2021,2022-01-24,5102,2021-12-06,0747,4120,4,1,5,4,5102,0,0,0,,0,004,"CLARK AV","BRIDGE ST",5.00,N,N,B,-,N,,,,,,,,,,N,4,0,2,2,A,-,03,22350,,N,C,C,A,B,H,-,B,A,0,,,,,Y,,A,01,0,0,2,0,0,0,0,0,0,"- ","- ",,,SUTTER,"YUBA CITY",-121.62516021728516,39.132232666015625
9393385,2021,2022-01-24,5102,2021-12-09,1740,4105,3,4,5,4,5102,0,0,0,,0,003,"PEASE RD","CLARK AV",73.00,E,N,B,-,N,,,,,,,,,,Y,3,0,1,1,A,-,08,22107,,N,E,I,A,A,H,-,D,D,0,,,,,Y,,A,07,0,1,0,0,0,0,0,0,0,"- ","- ",,,SUTTER,"YUBA CITY",-121.62653350830078,39.170932769775391
9393387,2021,2022-01-24,5102,2021-12-06,0756,4131,3,1,5,4,5102,0,0,0,,0,003,"E ONSTOTT FRONTAGE RD","FORESTWOOD DR",0.00,,Y,B,-,N,,,,,,,,,,Y,3,0,1,2,A,-,09,21802,A,N,A,C,A,A,H,-,A,D,0,,,,,Y,,A,01,0,1,0,0,0,0,0,0,0,"- ","- ",,,SUTTER,"YUBA CITY",-121.63472747802734,39.156822204589844
9411095,2021,2022-03-15,5102,2021-12-17,1307,4124,3,5,5,4,5102,0,0,0,,0,003,"LIVE OAK BL","RT 20",174.00,N,N,B,-,Y,SUT,3,20,-,-,16.330,I,6,W,N,3,0,1,2,A,-,08,22107,,F,D,G,A,A,H,-,A,D,0,,Y,,,Y,Y,D,22,0,1,0,0,0,0,1,0,0,"- ","- ",,,SUTTER,"YUBA CITY",-121.62078094482422,39.141407012939453